file,model,tempo_bpm,rms_energy,spectral_centroid,duration_sec,target_bpm,tempo_error,success
prompt_000_seed00.wav,musicgen-small,95.703125,0.1878586858510971,1816.4378683056054,9.94,97,1.296875,True
prompt_000_seed01.wav,musicgen-small,95.703125,0.0731147900223732,2540.420595519262,9.94,97,1.296875,True
prompt_000_seed02.wav,musicgen-small,95.703125,0.09750360995531082,2852.9758452859382,9.94,97,1.296875,True
prompt_001_seed00.wav,musicgen-small,80.74951171875,0.11375120282173157,1830.6321972432725,9.94,78,2.74951171875,True
prompt_001_seed01.wav,musicgen-small,151.99908088235293,0.07704009860754013,1995.7902777627564,9.94,78,73.99908088235293,True
prompt_001_seed02.wav,musicgen-small,151.99908088235293,0.11234914511442184,2077.4696327979927,9.94,78,73.99908088235293,True
prompt_002_seed00.wav,musicgen-small,95.703125,0.12492861598730087,2334.7283710942393,9.94,97,1.296875,True
prompt_002_seed01.wav,musicgen-small,95.703125,0.12694744765758514,1372.0220646206822,9.94,97,1.296875,True
prompt_002_seed02.wav,musicgen-small,95.703125,0.10293079167604446,1614.736456695561,9.94,97,1.296875,True
prompt_003_seed00.wav,musicgen-small,86.1328125,0.045211099088191986,4892.34825266747,9.94,177,90.8671875,True
prompt_003_seed01.wav,musicgen-small,172.265625,0.059926457703113556,5230.8926009790985,9.94,177,4.734375,True
prompt_003_seed02.wav,musicgen-small,117.45383522727273,0.14563657343387604,3286.910510842721,9.94,177,59.546164772727266,True
prompt_004_seed00.wav,musicgen-small,123.046875,0.1225670799612999,2466.126113911485,9.94,180,56.953125,True
prompt_004_seed01.wav,musicgen-small,123.046875,0.10777204483747482,2719.8197166832797,9.94,180,56.953125,True
prompt_004_seed02.wav,musicgen-small,89.10290948275862,0.13248905539512634,2849.2487798876496,9.94,180,90.89709051724138,True
prompt_005_seed00.wav,musicgen-small,63.02400914634146,0.07117559760808945,1259.4935451189394,9.94,62,1.024009146341463,True
prompt_005_seed01.wav,musicgen-small,129.19921875,0.12820947170257568,1544.5481840820771,9.94,62,67.19921875,True
prompt_005_seed02.wav,musicgen-small,123.046875,0.13007572293281555,1644.787584905985,9.94,62,61.046875,True
prompt_006_seed00.wav,musicgen-small,161.4990234375,0.10141148418188095,2400.9392115498144,9.94,155,6.4990234375,True
prompt_006_seed01.wav,musicgen-small,78.30255681818181,0.11039961874485016,2751.8577670936766,9.94,155,76.69744318181819,True
prompt_006_seed02.wav,musicgen-small,151.99908088235293,0.15204940736293793,2820.1199418438023,9.94,155,3.000919117647072,True
prompt_007_seed00.wav,musicgen-small,123.046875,0.15622197091579437,901.276642715871,9.94,172,48.953125,True
prompt_007_seed01.wav,musicgen-small,151.99908088235293,0.19136206805706024,1158.208622347924,9.94,172,20.000919117647072,True
prompt_007_seed02.wav,musicgen-small,92.28515625,0.18424688279628754,957.3789632113586,9.94,172,79.71484375,True
prompt_008_seed00.wav,musicgen-small,151.99908088235293,0.11125577986240387,2473.1606259798345,9.94,148,3.999080882352928,True
prompt_008_seed01.wav,musicgen-small,99.38401442307692,0.12287218123674393,1736.1035751151605,9.94,148,48.61598557692308,True
prompt_008_seed02.wav,musicgen-small,151.99908088235293,0.1603846549987793,2149.424582903599,9.94,148,3.999080882352928,True
prompt_009_seed00.wav,musicgen-small,135.99917763157896,0.1275213658809662,2560.840502223175,9.94,132,3.9991776315789593,True
prompt_009_seed01.wav,musicgen-small,129.19921875,0.1328616440296173,1784.423277866861,9.94,132,2.80078125,True
prompt_009_seed02.wav,musicgen-small,129.19921875,0.16320505738258362,2178.516877883581,9.94,132,2.80078125,True
prompt_010_seed00.wav,musicgen-small,123.046875,0.19376471638679504,1750.207884965862,9.94,190,66.953125,True
prompt_010_seed01.wav,musicgen-small,95.703125,0.1688222885131836,1779.4514276297514,9.94,190,94.296875,True
prompt_010_seed02.wav,musicgen-small,95.703125,0.12488265335559845,2659.4589860319593,9.94,190,94.296875,True
prompt_011_seed00.wav,musicgen-small,107.666015625,0.10609597712755203,2886.646847504517,9.94,111,3.333984375,True
prompt_011_seed01.wav,musicgen-small,112.34714673913044,0.1001182273030281,2890.4526373261688,9.94,111,1.3471467391304373,True
prompt_011_seed02.wav,musicgen-small,112.34714673913044,0.05586274713277817,2430.49639263429,9.94,111,1.3471467391304373,True
prompt_012_seed00.wav,musicgen-small,95.703125,0.055241189897060394,2774.537024890469,9.94,95,0.703125,True
prompt_012_seed01.wav,musicgen-small,95.703125,0.14613288640975952,1041.3850371520195,9.94,95,0.703125,True
prompt_012_seed02.wav,musicgen-small,95.703125,0.03146788105368614,3385.785899266799,9.94,95,0.703125,True
prompt_013_seed00.wav,musicgen-small,112.34714673913044,0.20499464869499207,3828.4643239498605,9.94,111,1.3471467391304373,True
prompt_013_seed01.wav,musicgen-small,107.666015625,0.0788763090968132,2384.713765141992,9.94,111,3.333984375,True
prompt_013_seed02.wav,musicgen-small,112.34714673913044,0.1451316624879837,2737.293282786419,9.94,111,1.3471467391304373,True
prompt_014_seed00.wav,musicgen-small,143.5546875,0.09727001935243607,2353.637367411711,9.94,142,1.5546875,True
prompt_014_seed01.wav,musicgen-small,143.5546875,0.1284085065126419,2824.361190945167,9.94,142,1.5546875,True
prompt_014_seed02.wav,musicgen-small,143.5546875,0.20388193428516388,1625.2478890156483,9.94,142,1.5546875,True
prompt_015_seed00.wav,musicgen-small,135.99917763157896,0.10273730009794235,2214.962588719505,9.94,136,0.0008223684210406645,True
prompt_015_seed01.wav,musicgen-small,135.99917763157896,0.10495559871196747,2216.0136624543866,9.94,136,0.0008223684210406645,True
prompt_015_seed02.wav,musicgen-small,135.99917763157896,0.0797683596611023,2667.3996876107663,9.94,136,0.0008223684210406645,True
prompt_016_seed00.wav,musicgen-small,99.38401442307692,0.06006249785423279,2298.4771474000563,9.94,98,1.3840144230769198,True
prompt_016_seed01.wav,musicgen-small,99.38401442307692,0.11469177901744843,1597.4878841746677,9.94,98,1.3840144230769198,True
prompt_016_seed02.wav,musicgen-small,95.703125,0.11810459196567535,2229.0773972462475,9.94,98,2.296875,True
prompt_017_seed00.wav,musicgen-small,75.99954044117646,0.10230442136526108,2662.127131971517,9.94,153,77.00045955882354,True
prompt_017_seed01.wav,musicgen-small,151.99908088235293,0.06798405200242996,3546.37860325606,9.94,153,1.0009191176470722,True
prompt_017_seed02.wav,musicgen-small,151.99908088235293,0.0954628512263298,2400.643360925499,9.94,153,1.0009191176470722,True
prompt_018_seed00.wav,musicgen-small,103.359375,0.0800054520368576,2470.4454069202325,9.94,106,2.640625,True
prompt_018_seed01.wav,musicgen-small,107.666015625,0.0674617812037468,2571.483533947356,9.94,106,1.666015625,True
prompt_018_seed02.wav,musicgen-small,107.666015625,0.14040465652942657,2502.930131687283,9.94,106,1.666015625,True
prompt_019_seed00.wav,musicgen-small,107.666015625,0.09956645220518112,2215.069569053239,9.94,110,2.333984375,True
prompt_019_seed01.wav,musicgen-small,112.34714673913044,0.11791917681694031,2420.1564983514522,9.94,110,2.3471467391304373,True
prompt_019_seed02.wav,musicgen-small,143.5546875,0.1306675523519516,2619.282199333001,9.94,110,33.5546875,True
prompt_020_seed00.wav,musicgen-small,123.046875,0.11536530405282974,2211.121849549277,9.94,182,58.953125,True
prompt_020_seed01.wav,musicgen-small,123.046875,0.15121780335903168,1560.470375070445,9.94,182,58.953125,True
prompt_020_seed02.wav,musicgen-small,117.45383522727273,0.23099523782730103,1461.5215187451395,9.94,182,64.54616477272727,True
prompt_021_seed00.wav,musicgen-small,151.99908088235293,0.06652176380157471,2961.492491812979,9.94,77,74.99908088235293,True
prompt_021_seed01.wav,musicgen-small,151.99908088235293,0.10431089252233505,2110.408565656434,9.94,77,74.99908088235293,True
prompt_021_seed02.wav,musicgen-small,75.99954044117646,0.08496315777301788,2362.5089257205254,9.94,77,1.000459558823536,True
prompt_022_seed00.wav,musicgen-small,86.1328125,0.0891958549618721,2564.8431348967483,9.94,175,88.8671875,True
prompt_022_seed01.wav,musicgen-small,86.1328125,0.04657607898116112,2687.361664658291,9.94,175,88.8671875,True
prompt_022_seed02.wav,musicgen-small,86.1328125,0.10461943596601486,2422.6913652956027,9.94,175,88.8671875,True
prompt_023_seed00.wav,musicgen-small,107.666015625,0.1832815706729889,1681.2604464820015,9.94,106,1.666015625,True
prompt_023_seed01.wav,musicgen-small,107.666015625,0.10494275391101837,1494.2569889701122,9.94,106,1.666015625,True
prompt_023_seed02.wav,musicgen-small,107.666015625,0.09021520614624023,1246.2396872051193,9.94,106,1.666015625,True
prompt_024_seed00.wav,musicgen-small,95.703125,0.12498483061790466,2472.862382416112,9.94,94,1.703125,True
prompt_024_seed01.wav,musicgen-small,129.19921875,0.14498059451580048,3021.053103191501,9.94,94,35.19921875,True
prompt_024_seed02.wav,musicgen-small,92.28515625,0.11011245846748352,2777.454603123591,9.94,94,1.71484375,True
prompt_025_seed00.wav,musicgen-small,161.4990234375,0.11399342119693756,2002.6248077319326,9.94,79,82.4990234375,True
prompt_025_seed01.wav,musicgen-small,78.30255681818181,0.09373858571052551,1876.2596956186446,9.94,79,0.697443181818187,True
prompt_025_seed02.wav,musicgen-small,78.30255681818181,0.05463210120797157,2689.9262841595205,9.94,79,0.697443181818187,True
prompt_026_seed00.wav,musicgen-small,78.30255681818181,0.15835274755954742,1880.4531379604268,9.94,158,79.69744318181819,True
prompt_026_seed01.wav,musicgen-small,129.19921875,0.22149913012981415,1255.6204778906647,9.94,158,28.80078125,True
prompt_026_seed02.wav,musicgen-small,78.30255681818181,0.0951070785522461,1390.1471276313089,9.94,158,79.69744318181819,True
prompt_027_seed00.wav,musicgen-small,123.046875,0.15459701418876648,2605.463853396585,9.94,62,61.046875,True
prompt_027_seed01.wav,musicgen-small,99.38401442307692,0.160801500082016,2585.1775644849163,9.94,62,37.38401442307692,True
prompt_027_seed02.wav,musicgen-small,123.046875,0.18784600496292114,2891.1535163991703,9.94,62,61.046875,True
prompt_028_seed00.wav,musicgen-small,112.34714673913044,0.017639169469475746,5151.367454871121,9.94,111,1.3471467391304373,True
prompt_028_seed01.wav,musicgen-small,73.828125,0.1487112194299698,2989.723951412102,9.94,111,37.171875,True
prompt_028_seed02.wav,musicgen-small,112.34714673913044,0.07083206623792648,2018.7461572183784,9.94,111,1.3471467391304373,True
prompt_029_seed00.wav,musicgen-small,99.38401442307692,0.08827808499336243,3318.393736965796,9.94,200,100.61598557692308,True
prompt_029_seed01.wav,musicgen-small,95.703125,0.1313190758228302,2429.336506385546,9.94,200,104.296875,True
prompt_029_seed02.wav,musicgen-small,103.359375,0.12085667252540588,3570.726301986087,9.94,200,96.640625,True
prompt_030_seed00.wav,musicgen-small,135.99917763157896,0.11066446453332901,2982.490399002673,9.94,191,55.00082236842104,True
prompt_030_seed01.wav,musicgen-small,99.38401442307692,0.08887075632810593,3628.133439336559,9.94,191,91.61598557692308,True
prompt_030_seed02.wav,musicgen-small,129.19921875,0.12881480157375336,1933.6511441076489,9.94,191,61.80078125,True
prompt_031_seed00.wav,musicgen-small,66.25600961538461,0.10609704256057739,1489.0795018986394,9.94,67,0.7439903846153868,True
prompt_031_seed01.wav,musicgen-small,129.19921875,0.10341667383909225,2707.74983325061,9.94,67,62.19921875,True
prompt_031_seed02.wav,musicgen-small,135.99917763157896,0.05184329301118851,2340.625632996834,9.94,67,68.99917763157896,True
prompt_032_seed00.wav,musicgen-small,107.666015625,0.2004484236240387,1878.2987685358619,9.94,108,0.333984375,True
prompt_032_seed01.wav,musicgen-small,107.666015625,0.19948241114616394,2321.48261056919,9.94,108,0.333984375,True
prompt_032_seed02.wav,musicgen-small,107.666015625,0.14214670658111572,2979.522528180834,9.94,108,0.333984375,True
prompt_033_seed00.wav,musicgen-small,92.28515625,0.1813179850578308,878.0004269352564,9.94,92,0.28515625,True
prompt_033_seed01.wav,musicgen-small,92.28515625,0.13036204874515533,2273.9979894474536,9.94,92,0.28515625,True
prompt_033_seed02.wav,musicgen-small,92.28515625,0.09889762103557587,1079.9267885437814,9.94,92,0.28515625,True
prompt_034_seed00.wav,musicgen-small,99.38401442307692,0.18228572607040405,1490.0055314148822,9.94,98,1.3840144230769198,True
prompt_034_seed01.wav,musicgen-small,99.38401442307692,0.17523996531963348,1719.5082934996324,9.94,98,1.3840144230769198,True
prompt_034_seed02.wav,musicgen-small,99.38401442307692,0.18669424951076508,1591.1150293114963,9.94,98,1.3840144230769198,True
prompt_035_seed00.wav,musicgen-small,172.265625,0.13310246169567108,4144.228691907682,9.94,177,4.734375,True
prompt_035_seed01.wav,musicgen-small,86.1328125,0.1916840374469757,3660.131619295136,9.94,177,90.8671875,True
prompt_035_seed02.wav,musicgen-small,172.265625,0.16039669513702393,3784.8269993791896,9.94,177,4.734375,True
prompt_036_seed00.wav,musicgen-small,143.5546875,0.11642064899206161,2059.4054305799164,9.94,73,70.5546875,True
prompt_036_seed01.wav,musicgen-small,143.5546875,0.07366827130317688,1689.183415749485,9.94,73,70.5546875,True
prompt_036_seed02.wav,musicgen-small,143.5546875,0.12030324339866638,1820.4605978384411,9.94,73,70.5546875,True
prompt_037_seed00.wav,musicgen-small,161.4990234375,0.11760048568248749,2419.2716095127994,9.94,80,81.4990234375,True
prompt_037_seed01.wav,musicgen-small,161.4990234375,0.10149674862623215,1956.9269056812498,9.94,80,81.4990234375,True
prompt_037_seed02.wav,musicgen-small,80.74951171875,0.11005108058452606,2242.2245868154,9.94,80,0.74951171875,True
prompt_038_seed00.wav,musicgen-small,129.19921875,0.0908522680401802,1759.9935827699862,9.94,67,62.19921875,True
prompt_038_seed01.wav,musicgen-small,135.99917763157896,0.18408261239528656,1809.767050247539,9.94,67,68.99917763157896,True
prompt_038_seed02.wav,musicgen-small,135.99917763157896,0.0912395566701889,2527.3691631410975,9.94,67,68.99917763157896,True
prompt_039_seed00.wav,musicgen-small,103.359375,0.09493302553892136,3038.684216525414,9.94,103,0.359375,True
prompt_039_seed01.wav,musicgen-small,103.359375,0.06785167753696442,2447.6142775309654,9.94,103,0.359375,True
prompt_039_seed02.wav,musicgen-small,103.359375,0.13339278101921082,2624.41840949909,9.94,103,0.359375,True
prompt_040_seed00.wav,musicgen-small,71.77734375,0.10018478333950043,1571.0996599122968,9.94,74,2.22265625,True
prompt_040_seed01.wav,musicgen-small,151.99908088235293,0.18361184000968933,1400.6148476539438,9.94,74,77.99908088235293,True
prompt_040_seed02.wav,musicgen-small,151.99908088235293,0.046078018844127655,1091.1305830264932,9.94,74,77.99908088235293,True
prompt_041_seed00.wav,musicgen-small,123.046875,0.11341731995344162,2721.9267483303183,9.94,62,61.046875,True
prompt_041_seed01.wav,musicgen-small,123.046875,0.1404842883348465,1814.107615250999,9.94,62,61.046875,True
prompt_041_seed02.wav,musicgen-small,123.046875,0.13753773272037506,2231.239481376849,9.94,62,61.046875,True
prompt_042_seed00.wav,musicgen-small,172.265625,0.13774043321609497,1718.4764046792425,9.94,176,3.734375,True
prompt_042_seed01.wav,musicgen-small,172.265625,0.09745974093675613,1868.6119081802356,9.94,176,3.734375,True
prompt_042_seed02.wav,musicgen-small,112.34714673913044,0.1218079999089241,1833.2863681213942,9.94,176,63.65285326086956,True
prompt_043_seed00.wav,musicgen-small,71.77734375,0.11191704124212265,818.1120039075677,9.94,72,0.22265625,True
prompt_043_seed01.wav,musicgen-small,143.5546875,0.06212758645415306,2618.389181442041,9.94,72,71.5546875,True
prompt_043_seed02.wav,musicgen-small,143.5546875,0.0807269960641861,1814.753412756584,9.94,72,71.5546875,True
prompt_044_seed00.wav,musicgen-small,172.265625,0.14360341429710388,3288.289385164916,9.94,174,1.734375,True
prompt_044_seed01.wav,musicgen-small,151.99908088235293,0.08407023549079895,2221.134160462251,9.94,174,22.000919117647072,True
prompt_044_seed02.wav,musicgen-small,172.265625,0.10750231146812439,1946.9968247667252,9.94,174,1.734375,True
prompt_045_seed00.wav,musicgen-small,143.5546875,0.1444508582353592,1937.3359982235465,9.94,70,73.5546875,True
prompt_045_seed01.wav,musicgen-small,135.99917763157896,0.12174704670906067,1320.6477962275544,9.94,70,65.99917763157896,True
prompt_045_seed02.wav,musicgen-small,69.83741554054055,0.13143472373485565,1439.994137613057,9.94,70,0.16258445945945255,True
prompt_046_seed00.wav,musicgen-small,92.28515625,0.09539146721363068,1960.9798072112567,9.94,91,1.28515625,True
prompt_046_seed01.wav,musicgen-small,184.5703125,0.14904093742370605,2555.81829133791,9.94,91,93.5703125,True
prompt_046_seed02.wav,musicgen-small,92.28515625,0.14934556186199188,731.4536503266993,9.94,91,1.28515625,True
prompt_047_seed00.wav,musicgen-small,66.25600961538461,0.0805596113204956,3027.858325163643,9.94,67,0.7439903846153868,True
prompt_047_seed01.wav,musicgen-small,135.99917763157896,0.11608447134494781,3223.7411624812476,9.94,67,68.99917763157896,True
prompt_047_seed02.wav,musicgen-small,135.99917763157896,0.11585491895675659,3292.6279054537313,9.94,67,68.99917763157896,True
prompt_048_seed00.wav,musicgen-small,161.4990234375,0.11144513636827469,1996.4973301821992,9.94,79,82.4990234375,True
prompt_048_seed01.wav,musicgen-small,78.30255681818181,0.10496853291988373,1786.5672025084793,9.94,79,0.697443181818187,True
prompt_048_seed02.wav,musicgen-small,78.30255681818181,0.1312974989414215,1266.9114152223578,9.94,79,0.697443181818187,True
prompt_049_seed00.wav,musicgen-small,161.4990234375,0.1597469300031662,1921.7562647708203,9.94,159,2.4990234375,True
prompt_049_seed01.wav,musicgen-small,151.99908088235293,0.18664909899234772,2202.5343095945304,9.94,159,7.000919117647072,True
prompt_049_seed02.wav,musicgen-small,161.4990234375,0.13063304126262665,1934.7789212063112,9.94,159,2.4990234375,True
prompt_050_seed00.wav,musicgen-small,99.38401442307692,0.11688272655010223,1873.6458608460996,9.94,98,1.3840144230769198,True
prompt_050_seed01.wav,musicgen-small,198.76802884615384,0.09611184149980545,2263.9620910991857,9.94,98,100.76802884615384,True
prompt_050_seed02.wav,musicgen-small,129.19921875,0.04311865195631981,3093.7151421001354,9.94,98,31.19921875,True
prompt_051_seed00.wav,musicgen-small,89.10290948275862,0.20233041048049927,921.3064407019882,9.94,180,90.89709051724138,True
prompt_051_seed01.wav,musicgen-small,89.10290948275862,0.19011467695236206,663.4293108518242,9.94,180,90.89709051724138,True
prompt_051_seed02.wav,musicgen-small,89.10290948275862,0.1701308786869049,1385.0018836797317,9.94,180,90.89709051724138,True
prompt_052_seed00.wav,musicgen-small,61.5234375,0.114163838326931,1146.856564315826,9.94,62,0.4765625,True
prompt_052_seed01.wav,musicgen-small,63.02400914634146,0.10869249701499939,1058.3511323557311,9.94,62,1.024009146341463,True
prompt_052_seed02.wav,musicgen-small,61.5234375,0.0719786137342453,1552.7036185255736,9.94,62,0.4765625,True
prompt_053_seed00.wav,musicgen-small,80.74951171875,0.09240806102752686,1914.2255707610316,9.94,119,38.25048828125,True
prompt_053_seed01.wav,musicgen-small,234.90767045454547,0.20100349187850952,942.0512513343704,9.94,119,115.90767045454547,True
prompt_053_seed02.wav,musicgen-small,60.09265988372093,0.11167103797197342,1713.0162897106713,9.94,119,58.90734011627907,True
prompt_054_seed00.wav,musicgen-small,135.99917763157896,0.111129991710186,2790.777163260714,9.94,135,0.9991776315789593,True
prompt_054_seed01.wav,musicgen-small,135.99917763157896,0.11956527829170227,2517.915393643902,9.94,135,0.9991776315789593,True
prompt_054_seed02.wav,musicgen-small,135.99917763157896,0.0774209275841713,3392.434974716506,9.94,135,0.9991776315789593,True
prompt_055_seed00.wav,musicgen-small,103.359375,0.11703662574291229,3459.366674117705,9.94,77,26.359375,True
prompt_055_seed01.wav,musicgen-small,75.99954044117646,0.1652270406484604,2292.855340964985,9.94,77,1.000459558823536,True
prompt_055_seed02.wav,musicgen-small,75.99954044117646,0.13149914145469666,1828.9828204463604,9.94,77,1.000459558823536,True
prompt_056_seed00.wav,musicgen-small,123.046875,0.13851851224899292,2243.7877492723824,9.94,63,60.046875,True
prompt_056_seed01.wav,musicgen-small,129.19921875,0.11906535923480988,2554.2001076115766,9.94,63,66.19921875,True
prompt_056_seed02.wav,musicgen-small,129.19921875,0.13711507618427277,2459.4196770027092,9.94,63,66.19921875,True
prompt_057_seed00.wav,musicgen-small,112.34714673913044,0.12936608493328094,1431.4434780659933,9.94,112,0.34714673913043725,True
prompt_057_seed01.wav,musicgen-small,112.34714673913044,0.09703616797924042,961.2902009707453,9.94,112,0.34714673913043725,True
prompt_057_seed02.wav,musicgen-small,172.265625,0.1007036343216896,1472.0277576756046,9.94,112,60.265625,True
prompt_058_seed00.wav,musicgen-small,172.265625,0.14667195081710815,1744.7490474095976,9.94,178,5.734375,True
prompt_058_seed01.wav,musicgen-small,172.265625,0.09006009995937347,2643.688834249503,9.94,178,5.734375,True
prompt_058_seed02.wav,musicgen-small,89.10290948275862,0.11315558850765228,2128.775879429766,9.94,178,88.89709051724138,True
prompt_059_seed00.wav,musicgen-small,129.19921875,0.10024749487638474,2897.863893339228,9.94,131,1.80078125,True
prompt_059_seed01.wav,musicgen-small,129.19921875,0.165135458111763,1745.2545393261926,9.94,131,1.80078125,True
prompt_059_seed02.wav,musicgen-small,129.19921875,0.2135988175868988,1830.9018565454028,9.94,131,1.80078125,True
prompt_060_seed00.wav,musicgen-small,112.34714673913044,0.13272826373577118,1783.505219554667,9.94,113,0.6528532608695627,True
prompt_060_seed01.wav,musicgen-small,112.34714673913044,0.0913591980934143,1655.0765163240399,9.94,113,0.6528532608695627,True
prompt_060_seed02.wav,musicgen-small,112.34714673913044,0.09283518046140671,954.7794690332771,9.94,113,0.6528532608695627,True
prompt_061_seed00.wav,musicgen-small,123.046875,0.06820555031299591,2177.942851603033,9.94,62,61.046875,True
prompt_061_seed01.wav,musicgen-small,123.046875,0.08394835144281387,2211.3242414018587,9.94,62,61.046875,True
prompt_061_seed02.wav,musicgen-small,123.046875,0.11170288175344467,2969.005689235848,9.94,62,61.046875,True
prompt_062_seed00.wav,musicgen-small,103.359375,0.1080649122595787,2460.009697270161,9.94,103,0.359375,True
prompt_062_seed01.wav,musicgen-small,103.359375,0.15062594413757324,2755.466969813125,9.94,103,0.359375,True
prompt_062_seed02.wav,musicgen-small,103.359375,0.10097292810678482,2041.6585050170117,9.94,103,0.359375,True
prompt_063_seed00.wav,musicgen-small,143.5546875,0.11457721889019012,2721.245740119307,9.94,71,72.5546875,True
prompt_063_seed01.wav,musicgen-small,143.5546875,0.08294648677110672,935.482395337453,9.94,71,72.5546875,True
prompt_063_seed02.wav,musicgen-small,143.5546875,0.10306273400783539,647.9580984587818,9.94,71,72.5546875,True
prompt_064_seed00.wav,musicgen-small,151.99908088235293,0.1862984001636505,2324.544858960273,9.94,154,2.000919117647072,True
prompt_064_seed01.wav,musicgen-small,75.99954044117646,0.0643768385052681,4184.86615346679,9.94,154,78.00045955882354,True
prompt_064_seed02.wav,musicgen-small,151.99908088235293,0.08488298952579498,2606.673179111875,9.94,154,2.000919117647072,True
prompt_065_seed00.wav,musicgen-small,117.45383522727273,0.0703531876206398,3745.957440638747,9.94,117,0.45383522727273373,True
prompt_065_seed01.wav,musicgen-small,117.45383522727273,0.14135496318340302,3159.8316320338804,9.94,117,0.45383522727273373,True
prompt_065_seed02.wav,musicgen-small,117.45383522727273,0.17141762375831604,2854.91497951567,9.94,117,0.45383522727273373,True
prompt_066_seed00.wav,musicgen-small,112.34714673913044,0.12482713907957077,597.6816605539691,9.94,113,0.6528532608695627,True
prompt_066_seed01.wav,musicgen-small,112.34714673913044,0.20738181471824646,526.2887933989826,9.94,113,0.6528532608695627,True
prompt_066_seed02.wav,musicgen-small,135.99917763157896,0.24766387045383453,1112.8165982412122,9.94,113,22.99917763157896,True
prompt_067_seed00.wav,musicgen-small,135.99917763157896,0.14890146255493164,2443.847781719102,9.94,135,0.9991776315789593,True
prompt_067_seed01.wav,musicgen-small,135.99917763157896,0.07697490602731705,3503.9964891588597,9.94,135,0.9991776315789593,True
prompt_067_seed02.wav,musicgen-small,67.99958881578948,0.07487070560455322,3340.594696472416,9.94,135,67.00041118421052,True
prompt_068_seed00.wav,musicgen-small,95.703125,0.12114468216896057,2410.5748000570015,9.94,96,0.296875,True
prompt_068_seed01.wav,musicgen-small,95.703125,0.15128463506698608,2024.18662440959,9.94,96,0.296875,True
prompt_068_seed02.wav,musicgen-small,95.703125,0.13755746185779572,2511.853952110198,9.94,96,0.296875,True
prompt_069_seed00.wav,musicgen-small,184.5703125,0.09523344784975052,3199.988402222051,9.94,90,94.5703125,True
prompt_069_seed01.wav,musicgen-small,89.10290948275862,0.15449880063533783,2455.9271000378553,9.94,90,0.8970905172413808,True
prompt_069_seed02.wav,musicgen-small,89.10290948275862,0.10435531288385391,3158.865777616087,9.94,90,0.8970905172413808,True
prompt_070_seed00.wav,musicgen-small,135.99917763157896,0.0723782628774643,2058.9621481215563,9.94,68,67.99917763157896,True
prompt_070_seed01.wav,musicgen-small,67.99958881578948,0.13002945482730865,1863.7096788427848,9.94,68,0.00041118421052033227,True
prompt_070_seed02.wav,musicgen-small,67.99958881578948,0.1282956898212433,2086.9127437129064,9.94,68,0.00041118421052033227,True
prompt_071_seed00.wav,musicgen-small,80.74951171875,0.06348218023777008,3460.6970857843844,9.94,160,79.25048828125,True
prompt_071_seed01.wav,musicgen-small,107.666015625,0.13647830486297607,2683.1371061122913,9.94,160,52.333984375,True
prompt_071_seed02.wav,musicgen-small,161.4990234375,0.10970769822597504,2749.5839543677,9.94,160,1.4990234375,True
prompt_072_seed00.wav,musicgen-small,129.19921875,0.1299275904893875,1719.3405502448845,9.94,131,1.80078125,True
prompt_072_seed01.wav,musicgen-small,129.19921875,0.1162896603345871,2389.69943943804,9.94,131,1.80078125,True
prompt_072_seed02.wav,musicgen-small,129.19921875,0.2243519276380539,1273.6694239705816,9.94,131,1.80078125,True
prompt_073_seed00.wav,musicgen-small,92.28515625,0.17546239495277405,2609.221297881642,9.94,189,96.71484375,True
prompt_073_seed01.wav,musicgen-small,92.28515625,0.14801377058029175,2376.3801039388322,9.94,189,96.71484375,True
prompt_073_seed02.wav,musicgen-small,129.19921875,0.2217782437801361,2151.4747623669673,9.94,189,59.80078125,True
prompt_074_seed00.wav,musicgen-small,95.703125,0.08078315854072571,3475.968812743663,9.94,98,2.296875,True
prompt_074_seed01.wav,musicgen-small,198.76802884615384,0.16211090981960297,2708.980018357132,9.94,98,100.76802884615384,True
prompt_074_seed02.wav,musicgen-small,198.76802884615384,0.172397181391716,2363.0457793621636,9.94,98,100.76802884615384,True
prompt_075_seed00.wav,musicgen-small,99.38401442307692,0.1917097568511963,1330.4850943842112,9.94,101,1.6159855769230802,True
prompt_075_seed01.wav,musicgen-small,99.38401442307692,0.12796327471733093,1837.158347494296,9.94,101,1.6159855769230802,True
prompt_075_seed02.wav,musicgen-small,99.38401442307692,0.10706474632024765,1465.0802178717097,9.94,101,1.6159855769230802,True
prompt_076_seed00.wav,musicgen-small,151.99908088235293,0.16225847601890564,1567.826428787787,9.94,151,0.9990808823529278,True
prompt_076_seed01.wav,musicgen-small,75.99954044117646,0.0722469612956047,2859.3504415405127,9.94,151,75.00045955882354,True
prompt_076_seed02.wav,musicgen-small,151.99908088235293,0.13665220141410828,2679.391721371667,9.94,151,0.9990808823529278,True
prompt_077_seed00.wav,musicgen-small,117.45383522727273,0.1797962188720703,1643.2323280667047,9.94,180,62.546164772727266,True
prompt_077_seed01.wav,musicgen-small,117.45383522727273,0.1306869387626648,1835.1724731345125,9.94,180,62.546164772727266,True
prompt_077_seed02.wav,musicgen-small,89.10290948275862,0.1851780265569687,1440.1982581925997,9.94,180,90.89709051724138,True
prompt_078_seed00.wav,musicgen-small,103.359375,0.13464441895484924,2010.5463469836272,9.94,103,0.359375,True
prompt_078_seed01.wav,musicgen-small,103.359375,0.11876245588064194,3204.082982216269,9.94,103,0.359375,True
prompt_078_seed02.wav,musicgen-small,103.359375,0.08054094016551971,1005.036059807536,9.94,103,0.359375,True
prompt_079_seed00.wav,musicgen-small,95.703125,0.17846974730491638,746.8695613658439,9.94,142,46.296875,True
prompt_079_seed01.wav,musicgen-small,143.5546875,0.16231676936149597,764.990843596302,9.94,142,1.5546875,True
prompt_079_seed02.wav,musicgen-small,143.5546875,0.17929677665233612,1143.2697569635957,9.94,142,1.5546875,True
prompt_080_seed00.wav,musicgen-small,103.359375,0.10362271219491959,1779.7852206961036,9.94,103,0.359375,True
prompt_080_seed01.wav,musicgen-small,103.359375,0.07822214812040329,3827.603810623677,9.94,103,0.359375,True
prompt_080_seed02.wav,musicgen-small,103.359375,0.059920161962509155,2177.349569668412,9.94,103,0.359375,True
prompt_081_seed00.wav,musicgen-small,107.666015625,0.12272971123456955,2096.2155158668347,9.94,106,1.666015625,True
prompt_081_seed01.wav,musicgen-small,103.359375,0.1620926409959793,1856.0728228251414,9.94,106,2.640625,True
prompt_081_seed02.wav,musicgen-small,107.666015625,0.19841374456882477,1756.5454432179347,9.94,106,1.666015625,True
prompt_082_seed00.wav,musicgen-small,73.828125,0.05880123749375343,2956.1009757880797,9.94,146,72.171875,True
prompt_082_seed01.wav,musicgen-small,143.5546875,0.05283822491765022,3455.9346571060264,9.94,146,2.4453125,True
prompt_082_seed02.wav,musicgen-small,143.5546875,0.14920905232429504,1303.260459904075,9.94,146,2.4453125,True
prompt_083_seed00.wav,musicgen-small,117.45383522727273,0.10180171579122543,1592.414159918472,9.94,115,2.4538352272727337,True
prompt_083_seed01.wav,musicgen-small,117.45383522727273,0.13729488849639893,1901.1146094760816,9.94,115,2.4538352272727337,True
prompt_083_seed02.wav,musicgen-small,112.34714673913044,0.07954159379005432,2278.7338284710027,9.94,115,2.6528532608695627,True
prompt_084_seed00.wav,musicgen-small,103.359375,0.11879067867994308,1540.683283110637,9.94,105,1.640625,True
prompt_084_seed01.wav,musicgen-small,103.359375,0.08764180541038513,1828.0257198516576,9.94,105,1.640625,True
prompt_084_seed02.wav,musicgen-small,103.359375,0.17747291922569275,1952.7936446777765,9.94,105,1.640625,True
prompt_085_seed00.wav,musicgen-small,83.35433467741936,0.1859212964773178,785.3607496894292,9.94,112,28.64566532258064,True
prompt_085_seed01.wav,musicgen-small,112.34714673913044,0.16679270565509796,1338.261301997313,9.94,112,0.34714673913043725,True
prompt_085_seed02.wav,musicgen-small,112.34714673913044,0.17866112291812897,823.2327734775025,9.94,112,0.34714673913043725,True
prompt_086_seed00.wav,musicgen-small,143.5546875,0.22951096296310425,1121.332968691327,9.94,110,33.5546875,True
prompt_086_seed01.wav,musicgen-small,71.77734375,0.11226246505975723,1482.2317927979645,9.94,110,38.22265625,True
prompt_086_seed02.wav,musicgen-small,107.666015625,0.21818681061267853,894.8228767539903,9.94,110,2.333984375,True
prompt_087_seed00.wav,musicgen-small,112.34714673913044,0.10458379238843918,1885.1159225926704,9.94,115,2.6528532608695627,True
prompt_087_seed01.wav,musicgen-small,117.45383522727273,0.12959171831607819,2417.821462672127,9.94,115,2.4538352272727337,True
prompt_087_seed02.wav,musicgen-small,117.45383522727273,0.1387474089860916,1291.7718366699175,9.94,115,2.4538352272727337,True
prompt_088_seed00.wav,musicgen-small,123.046875,0.1411326676607132,2048.9874298761156,9.94,119,4.046875,True
prompt_088_seed01.wav,musicgen-small,123.046875,0.10171599686145782,3207.012827478818,9.94,119,4.046875,True
prompt_088_seed02.wav,musicgen-small,117.45383522727273,0.13608045876026154,3425.35402453304,9.94,119,1.5461647727272663,True
prompt_089_seed00.wav,musicgen-small,161.4990234375,0.19187521934509277,1970.748602677605,9.94,160,1.4990234375,True
prompt_089_seed01.wav,musicgen-small,107.666015625,0.09870275110006332,1587.803224045438,9.94,160,52.333984375,True
prompt_089_seed02.wav,musicgen-small,161.4990234375,0.17728154361248016,1636.0175754891732,9.94,160,1.4990234375,True
prompt_090_seed00.wav,musicgen-small,112.34714673913044,0.1467922478914261,2974.7686509557684,9.94,113,0.6528532608695627,True
prompt_090_seed01.wav,musicgen-small,112.34714673913044,0.09340397268533707,1585.1868247448688,9.94,113,0.6528532608695627,True
prompt_090_seed02.wav,musicgen-small,112.34714673913044,0.22847166657447815,2120.2618774962143,9.94,113,0.6528532608695627,True
prompt_091_seed00.wav,musicgen-small,151.99908088235293,0.11957210302352905,2770.7284819405677,9.94,154,2.000919117647072,True
prompt_091_seed01.wav,musicgen-small,151.99908088235293,0.09038818627595901,3290.2840521275934,9.94,154,2.000919117647072,True
prompt_091_seed02.wav,musicgen-small,151.99908088235293,0.1192573606967926,2532.985500380952,9.94,154,2.000919117647072,True
prompt_092_seed00.wav,musicgen-small,143.5546875,0.1784769743680954,2451.7567138186378,9.94,144,0.4453125,True
prompt_092_seed01.wav,musicgen-small,143.5546875,0.14177991449832916,2625.644982073077,9.94,144,0.4453125,True
prompt_092_seed02.wav,musicgen-small,95.703125,0.06895256787538528,2335.7649129011934,9.94,144,48.296875,True
prompt_093_seed00.wav,musicgen-small,143.5546875,0.11961133778095245,840.8337546830774,9.94,140,3.5546875,True
prompt_093_seed01.wav,musicgen-small,143.5546875,0.16797059774398804,569.5674790023343,9.94,140,3.5546875,True
prompt_093_seed02.wav,musicgen-small,143.5546875,0.13014952838420868,1243.0117816772968,9.94,140,3.5546875,True
prompt_094_seed00.wav,musicgen-small,103.359375,0.12917037308216095,2084.748704598659,9.94,102,1.359375,True
prompt_094_seed01.wav,musicgen-small,103.359375,0.0928129181265831,3908.8334617340147,9.94,102,1.359375,True
prompt_094_seed02.wav,musicgen-small,103.359375,0.14079852402210236,1833.1883577330257,9.94,102,1.359375,True
prompt_095_seed00.wav,musicgen-small,92.28515625,0.11092894524335861,2694.4786098803424,9.94,180,87.71484375,True
prompt_095_seed01.wav,musicgen-small,89.10290948275862,0.1294594258069992,3199.776387480238,9.94,180,90.89709051724138,True
prompt_095_seed02.wav,musicgen-small,184.5703125,0.1228685975074768,2878.1187776151983,9.94,180,4.5703125,True
prompt_096_seed00.wav,musicgen-small,117.45383522727273,0.1555858999490738,1112.0336878099727,9.94,116,1.4538352272727337,True
prompt_096_seed01.wav,musicgen-small,117.45383522727273,0.15140430629253387,2062.256255752398,9.94,116,1.4538352272727337,True
prompt_096_seed02.wav,musicgen-small,117.45383522727273,0.1982429176568985,1702.4867140614094,9.94,116,1.4538352272727337,True
prompt_097_seed00.wav,musicgen-small,89.10290948275862,0.13358666002750397,3128.437001109437,9.94,185,95.89709051724138,True
prompt_097_seed01.wav,musicgen-small,89.10290948275862,0.022624289616942406,5268.797716333485,9.94,185,95.89709051724138,True
prompt_097_seed02.wav,musicgen-small,89.10290948275862,0.1504613161087036,3024.229013648565,9.94,185,95.89709051724138,True
prompt_098_seed00.wav,musicgen-small,92.28515625,0.11140960454940796,2543.6146540932127,9.94,187,94.71484375,True
prompt_098_seed01.wav,musicgen-small,184.5703125,0.09554112702608109,4412.6969756332755,9.94,187,2.4296875,True
prompt_098_seed02.wav,musicgen-small,92.28515625,0.17075538635253906,1797.7688175161675,9.94,187,94.71484375,True
prompt_099_seed00.wav,musicgen-small,143.5546875,0.1407291442155838,4424.920968033097,9.94,143,0.5546875,True
prompt_099_seed01.wav,musicgen-small,143.5546875,0.24591338634490967,1818.9111703217916,9.94,143,0.5546875,True
prompt_099_seed02.wav,musicgen-small,143.5546875,0.14820432662963867,3243.1686559737027,9.94,143,0.5546875,True
prompt_000_seed00.wav,musicgen-medium,95.703125,0.0829414427280426,2031.9108497968168,9.94,97,1.296875,True
prompt_000_seed01.wav,musicgen-medium,99.38401442307692,0.12614385783672333,2403.7593910662895,9.94,97,2.38401442307692,True
prompt_000_seed02.wav,musicgen-medium,95.703125,0.14690223336219788,1471.6406010946694,9.94,97,1.296875,True
prompt_001_seed00.wav,musicgen-medium,161.4990234375,0.1166326180100441,2355.929073277403,9.94,78,83.4990234375,True
prompt_001_seed01.wav,musicgen-medium,151.99908088235293,0.15727749466896057,1360.405279776591,9.94,78,73.99908088235293,True
prompt_001_seed02.wav,musicgen-medium,151.99908088235293,0.19793199002742767,2233.4981079890304,9.94,78,73.99908088235293,True
prompt_002_seed00.wav,musicgen-medium,129.19921875,0.19459570944309235,1949.7184190160638,9.94,97,32.19921875,True
prompt_002_seed01.wav,musicgen-medium,95.703125,0.12492825835943222,2394.24477153067,9.94,97,1.296875,True
prompt_002_seed02.wav,musicgen-medium,95.703125,0.18334250152111053,2313.5354742261834,9.94,97,1.296875,True
prompt_003_seed00.wav,musicgen-medium,86.1328125,0.15071451663970947,4732.355161816407,9.94,177,90.8671875,True
prompt_003_seed01.wav,musicgen-medium,89.10290948275862,0.26131942868232727,3510.602980696427,9.94,177,87.89709051724138,True
prompt_003_seed02.wav,musicgen-medium,89.10290948275862,0.11676640063524246,3503.4611779947522,9.94,177,87.89709051724138,True
prompt_004_seed00.wav,musicgen-medium,89.10290948275862,0.15938930213451385,1950.3819297819664,9.94,180,90.89709051724138,True
prompt_004_seed01.wav,musicgen-medium,123.046875,0.11705753207206726,1900.9095770603883,9.94,180,56.953125,True
prompt_004_seed02.wav,musicgen-medium,92.28515625,0.19983936846256256,3030.078870100037,9.94,180,87.71484375,True
prompt_005_seed00.wav,musicgen-medium,123.046875,0.0538468100130558,2002.1936483759382,9.94,62,61.046875,True
prompt_005_seed01.wav,musicgen-medium,123.046875,0.06902193278074265,2036.0203575310968,9.94,62,61.046875,True
prompt_005_seed02.wav,musicgen-medium,123.046875,0.12249617278575897,1155.0027729414317,9.94,62,61.046875,True
prompt_006_seed00.wav,musicgen-medium,151.99908088235293,0.1367575079202652,2145.39675001934,9.94,155,3.000919117647072,True
prompt_006_seed01.wav,musicgen-medium,103.359375,0.09606849402189255,3404.4924227211795,9.94,155,51.640625,True
prompt_006_seed02.wav,musicgen-medium,151.99908088235293,0.13644275069236755,3278.1673904521294,9.94,155,3.000919117647072,True
prompt_007_seed00.wav,musicgen-medium,86.1328125,0.1563340425491333,1225.5111967891896,9.94,172,85.8671875,True
prompt_007_seed01.wav,musicgen-medium,112.34714673913044,0.09518016129732132,989.8125400778847,9.94,172,59.65285326086956,True
prompt_007_seed02.wav,musicgen-medium,63.02400914634146,0.09799940139055252,1425.617189074255,9.94,172,108.97599085365854,True
prompt_008_seed00.wav,musicgen-medium,151.99908088235293,0.13286909461021423,1876.9094941884882,9.94,148,3.999080882352928,True
prompt_008_seed01.wav,musicgen-medium,99.38401442307692,0.20208047330379486,1169.7736710141985,9.94,148,48.61598557692308,True
prompt_008_seed02.wav,musicgen-medium,151.99908088235293,0.1757386028766632,1541.7896443799223,9.94,148,3.999080882352928,True
prompt_009_seed00.wav,musicgen-medium,129.19921875,0.11959429830312729,2149.393244642434,9.94,132,2.80078125,True
prompt_009_seed01.wav,musicgen-medium,129.19921875,0.21601995825767517,1679.5820264075107,9.94,132,2.80078125,True
prompt_009_seed02.wav,musicgen-medium,66.25600961538461,0.14291097223758698,3204.774319843629,9.94,132,65.74399038461539,True
prompt_010_seed00.wav,musicgen-medium,63.02400914634146,0.19497893750667572,1817.4978913713487,9.94,190,126.97599085365854,True
prompt_010_seed01.wav,musicgen-medium,95.703125,0.1788424551486969,1243.4434615283121,9.94,190,94.296875,True
prompt_010_seed02.wav,musicgen-medium,184.5703125,0.10571014881134033,2285.6237397246987,9.94,190,5.4296875,True
prompt_011_seed00.wav,musicgen-medium,107.666015625,0.04699845612049103,3322.995278466708,9.94,111,3.333984375,True
prompt_011_seed01.wav,musicgen-medium,112.34714673913044,0.07443837821483612,3093.6265925840435,9.94,111,1.3471467391304373,True
prompt_011_seed02.wav,musicgen-medium,143.5546875,0.04716845601797104,3176.3766711959765,9.94,111,32.5546875,True
prompt_012_seed00.wav,musicgen-medium,95.703125,0.050875842571258545,2377.010829452473,9.94,95,0.703125,True
prompt_012_seed01.wav,musicgen-medium,95.703125,0.13968876004219055,1466.9494553492725,9.94,95,0.703125,True
prompt_012_seed02.wav,musicgen-medium,95.703125,0.11421006917953491,1846.726642735628,9.94,95,0.703125,True
prompt_013_seed00.wav,musicgen-medium,112.34714673913044,0.12091578543186188,2725.7567545617558,9.94,111,1.3471467391304373,True
prompt_013_seed01.wav,musicgen-medium,112.34714673913044,0.1698082983493805,2581.4102505246105,9.94,111,1.3471467391304373,True
prompt_013_seed02.wav,musicgen-medium,107.666015625,0.10943269729614258,2405.163678644477,9.94,111,3.333984375,True
prompt_014_seed00.wav,musicgen-medium,135.99917763157896,0.1357935070991516,1687.4908266183315,9.94,142,6.000822368421041,True
prompt_014_seed01.wav,musicgen-medium,143.5546875,0.11561314016580582,1741.6307376546029,9.94,142,1.5546875,True
prompt_014_seed02.wav,musicgen-medium,143.5546875,0.17527511715888977,1352.7171381155988,9.94,142,1.5546875,True
prompt_015_seed00.wav,musicgen-medium,135.99917763157896,0.083295077085495,2727.622722413901,9.94,136,0.0008223684210406645,True
prompt_015_seed01.wav,musicgen-medium,135.99917763157896,0.06362852454185486,2525.237509415497,9.94,136,0.0008223684210406645,True
prompt_015_seed02.wav,musicgen-medium,135.99917763157896,0.1298235058784485,1212.6839550690895,9.94,136,0.0008223684210406645,True
prompt_016_seed00.wav,musicgen-medium,99.38401442307692,0.1621103733778,2336.3316642697873,9.94,98,1.3840144230769198,True
prompt_016_seed01.wav,musicgen-medium,198.76802884615384,0.10500435531139374,3045.5614108851955,9.94,98,100.76802884615384,True
prompt_016_seed02.wav,musicgen-medium,99.38401442307692,0.08630702644586563,2254.768648777038,9.94,98,1.3840144230769198,True
prompt_017_seed00.wav,musicgen-medium,103.359375,0.08906485885381699,3876.3232313189906,9.94,153,49.640625,True
prompt_017_seed01.wav,musicgen-medium,103.359375,0.12260236591100693,2953.0472156694823,9.94,153,49.640625,True
prompt_017_seed02.wav,musicgen-medium,151.99908088235293,0.1892985850572586,1876.5323404147912,9.94,153,1.0009191176470722,True
prompt_018_seed00.wav,musicgen-medium,107.666015625,0.2164788842201233,3270.5128088993138,9.94,106,1.666015625,True
prompt_018_seed01.wav,musicgen-medium,107.666015625,0.08070267736911774,3236.0423029177555,9.94,106,1.666015625,True
prompt_018_seed02.wav,musicgen-medium,107.666015625,0.20703893899917603,1951.6547314619602,9.94,106,1.666015625,True
prompt_019_seed00.wav,musicgen-medium,107.666015625,0.11284245550632477,2716.722083268329,9.94,110,2.333984375,True
prompt_019_seed01.wav,musicgen-medium,107.666015625,0.1836753636598587,1194.548954440646,9.94,110,2.333984375,True
prompt_019_seed02.wav,musicgen-medium,107.666015625,0.1219271793961525,2423.3636907121645,9.94,110,2.333984375,True
prompt_020_seed00.wav,musicgen-medium,184.5703125,0.1823471188545227,2114.953826822389,9.94,182,2.5703125,True
prompt_020_seed01.wav,musicgen-medium,129.19921875,0.1094902753829956,1266.3246745948163,9.94,182,52.80078125,True
prompt_020_seed02.wav,musicgen-medium,184.5703125,0.13590514659881592,2156.2393742311287,9.94,182,2.5703125,True
prompt_021_seed00.wav,musicgen-medium,151.99908088235293,0.07760786265134811,3323.06117083145,9.94,77,74.99908088235293,True
prompt_021_seed01.wav,musicgen-medium,75.99954044117646,0.12080267816781998,1716.8201633578174,9.94,77,1.000459558823536,True
prompt_021_seed02.wav,musicgen-medium,151.99908088235293,0.13920535147190094,1539.7981246758966,9.94,77,74.99908088235293,True
prompt_022_seed00.wav,musicgen-medium,172.265625,0.12848450243473053,2170.5990574246925,9.94,175,2.734375,True
prompt_022_seed01.wav,musicgen-medium,172.265625,0.10147586464881897,2015.8237739042738,9.94,175,2.734375,True
prompt_022_seed02.wav,musicgen-medium,172.265625,0.11789808422327042,2306.2764288626736,9.94,175,2.734375,True
prompt_023_seed00.wav,musicgen-medium,107.666015625,0.133147731423378,1917.074405861338,9.94,106,1.666015625,True
prompt_023_seed01.wav,musicgen-medium,107.666015625,0.3079044222831726,1274.8001723206844,9.94,106,1.666015625,True
prompt_023_seed02.wav,musicgen-medium,107.666015625,0.12519226968288422,1620.5249739577343,9.94,106,1.666015625,True
prompt_024_seed00.wav,musicgen-medium,123.046875,0.12586426734924316,1488.7742406364139,9.94,94,29.046875,True
prompt_024_seed01.wav,musicgen-medium,184.5703125,0.096238873898983,2902.5275932460227,9.94,94,90.5703125,True
prompt_024_seed02.wav,musicgen-medium,95.703125,0.11697985976934433,2125.903374736456,9.94,94,1.703125,True
prompt_025_seed00.wav,musicgen-medium,161.4990234375,0.05661718174815178,4032.2617961916512,9.94,79,82.4990234375,True
prompt_025_seed01.wav,musicgen-medium,161.4990234375,0.09708660840988159,3423.865446975799,9.94,79,82.4990234375,True
prompt_025_seed02.wav,musicgen-medium,78.30255681818181,0.07170417159795761,3138.6424011444046,9.94,79,0.697443181818187,True
prompt_026_seed00.wav,musicgen-medium,161.4990234375,0.09455807507038116,1756.6773645572323,9.94,158,3.4990234375,True
prompt_026_seed01.wav,musicgen-medium,161.4990234375,0.13060462474822998,2162.102988625685,9.94,158,3.4990234375,True
prompt_026_seed02.wav,musicgen-medium,78.30255681818181,0.15435224771499634,1913.8208804491167,9.94,158,79.69744318181819,True
prompt_027_seed00.wav,musicgen-medium,123.046875,0.14235307276248932,2828.0747043594583,9.94,62,61.046875,True
prompt_027_seed01.wav,musicgen-medium,123.046875,0.1550312042236328,2764.255568221347,9.94,62,61.046875,True
prompt_027_seed02.wav,musicgen-medium,123.046875,0.07329289615154266,2705.9066448635162,9.94,62,61.046875,True
prompt_028_seed00.wav,musicgen-medium,112.34714673913044,0.07130859047174454,3095.607883188107,9.94,111,1.3471467391304373,True
prompt_028_seed01.wav,musicgen-medium,112.34714673913044,0.10173114389181137,2834.734302054867,9.94,111,1.3471467391304373,True
prompt_028_seed02.wav,musicgen-medium,112.34714673913044,0.1091415137052536,2343.160216016687,9.94,111,1.3471467391304373,True
prompt_029_seed00.wav,musicgen-medium,99.38401442307692,0.15601296722888947,2931.810637447764,9.94,200,100.61598557692308,True
prompt_029_seed01.wav,musicgen-medium,99.38401442307692,0.1016015037894249,3317.050186527187,9.94,200,100.61598557692308,True
prompt_029_seed02.wav,musicgen-medium,103.359375,0.08166415244340897,2362.8216245065537,9.94,200,96.640625,True
prompt_030_seed00.wav,musicgen-medium,99.38401442307692,0.24757428467273712,1296.396429397986,9.94,191,91.61598557692308,True
prompt_030_seed01.wav,musicgen-medium,99.38401442307692,0.11690083891153336,1805.1899553093253,9.94,191,91.61598557692308,True
prompt_030_seed02.wav,musicgen-medium,99.38401442307692,0.12090829014778137,1363.366688752545,9.94,191,91.61598557692308,True
prompt_031_seed00.wav,musicgen-medium,129.19921875,0.09598555415868759,2937.287806474456,9.94,67,62.19921875,True
prompt_031_seed01.wav,musicgen-medium,66.25600961538461,0.16719725728034973,1901.890319260302,9.94,67,0.7439903846153868,True
prompt_031_seed02.wav,musicgen-medium,66.25600961538461,0.06594555079936981,1954.4354774069702,9.94,67,0.7439903846153868,True
prompt_032_seed00.wav,musicgen-medium,107.666015625,0.1678384244441986,1814.7862496031225,9.94,108,0.333984375,True
prompt_032_seed01.wav,musicgen-medium,107.666015625,0.17791089415550232,1808.073454870444,9.94,108,0.333984375,True
prompt_032_seed02.wav,musicgen-medium,107.666015625,0.12682153284549713,2156.470609931585,9.94,108,0.333984375,True
prompt_033_seed00.wav,musicgen-medium,92.28515625,0.20950761437416077,1073.5564733812619,9.94,92,0.28515625,True
prompt_033_seed01.wav,musicgen-medium,184.5703125,0.17244401574134827,1196.4463498735513,9.94,92,92.5703125,True
prompt_033_seed02.wav,musicgen-medium,92.28515625,0.11234430968761444,992.6457784838842,9.94,92,0.28515625,True
prompt_034_seed00.wav,musicgen-medium,99.38401442307692,0.138981431722641,3089.5312279609752,9.94,98,1.3840144230769198,True
prompt_034_seed01.wav,musicgen-medium,99.38401442307692,0.09638070315122604,2367.0082350521884,9.94,98,1.3840144230769198,True
prompt_034_seed02.wav,musicgen-medium,99.38401442307692,0.17570310831069946,2256.9153738803093,9.94,98,1.3840144230769198,True
prompt_035_seed00.wav,musicgen-medium,117.45383522727273,0.07650424540042877,4153.307043390838,9.94,177,59.546164772727266,True
prompt_035_seed01.wav,musicgen-medium,89.10290948275862,0.083079494535923,4990.60186433698,9.94,177,87.89709051724138,True
prompt_035_seed02.wav,musicgen-medium,89.10290948275862,0.04819189012050629,3600.877330308586,9.94,177,87.89709051724138,True
prompt_036_seed00.wav,musicgen-medium,143.5546875,0.1439887136220932,884.2523640014545,9.94,73,70.5546875,True
prompt_036_seed01.wav,musicgen-medium,143.5546875,0.06338173151016235,1045.7439602933366,9.94,73,70.5546875,True
prompt_036_seed02.wav,musicgen-medium,143.5546875,0.11785957962274551,1355.6701026480907,9.94,73,70.5546875,True
prompt_037_seed00.wav,musicgen-medium,161.4990234375,0.11528772115707397,1651.0513022789792,9.94,80,81.4990234375,True
prompt_037_seed01.wav,musicgen-medium,161.4990234375,0.08766479045152664,1799.0973720471206,9.94,80,81.4990234375,True
prompt_037_seed02.wav,musicgen-medium,161.4990234375,0.08961755037307739,2214.2045237961197,9.94,80,81.4990234375,True
prompt_038_seed00.wav,musicgen-medium,135.99917763157896,0.10681591928005219,1553.4061526894634,9.94,67,68.99917763157896,True
prompt_038_seed01.wav,musicgen-medium,135.99917763157896,0.10523825138807297,1965.4535907960874,9.94,67,68.99917763157896,True
prompt_038_seed02.wav,musicgen-medium,135.99917763157896,0.08987332135438919,2092.809116064523,9.94,67,68.99917763157896,True
prompt_039_seed00.wav,musicgen-medium,103.359375,0.12600742280483246,3143.2954787112967,9.94,103,0.359375,True
prompt_039_seed01.wav,musicgen-medium,103.359375,0.0926564633846283,3102.756206797944,9.94,103,0.359375,True
prompt_039_seed02.wav,musicgen-medium,103.359375,0.08855567872524261,2417.2667594473833,9.94,103,0.359375,True
prompt_040_seed00.wav,musicgen-medium,151.99908088235293,0.25745904445648193,1831.5617434354813,9.94,74,77.99908088235293,True
prompt_040_seed01.wav,musicgen-medium,143.5546875,0.15109194815158844,2056.723544403321,9.94,74,69.5546875,True
prompt_040_seed02.wav,musicgen-medium,151.99908088235293,0.17303335666656494,1131.618077415003,9.94,74,77.99908088235293,True
prompt_041_seed00.wav,musicgen-medium,61.5234375,0.1544685661792755,1296.1666144182743,9.94,62,0.4765625,True
prompt_041_seed01.wav,musicgen-medium,123.046875,0.21542319655418396,1561.9541074561942,9.94,62,61.046875,True
prompt_041_seed02.wav,musicgen-medium,123.046875,0.15837766230106354,1231.0374391684402,9.94,62,61.046875,True
prompt_042_seed00.wav,musicgen-medium,89.10290948275862,0.10852590203285217,3323.957267193544,9.94,176,86.89709051724138,True
prompt_042_seed01.wav,musicgen-medium,117.45383522727273,0.05889981985092163,3862.8418745361782,9.94,176,58.546164772727266,True
prompt_042_seed02.wav,musicgen-medium,89.10290948275862,0.14751829206943512,1632.8805763536727,9.94,176,86.89709051724138,True
prompt_043_seed00.wav,musicgen-medium,143.5546875,0.09494616091251373,2000.6766230107557,9.94,72,71.5546875,True
prompt_043_seed01.wav,musicgen-medium,143.5546875,0.1672465205192566,1741.3514961184785,9.94,72,71.5546875,True
prompt_043_seed02.wav,musicgen-medium,143.5546875,0.11527946591377258,1407.2541372593466,9.94,72,71.5546875,True
prompt_044_seed00.wav,musicgen-medium,161.4990234375,0.07440192997455597,3272.4472484071593,9.94,174,12.5009765625,True
prompt_044_seed01.wav,musicgen-medium,83.35433467741936,0.16498102247714996,2193.439843220423,9.94,174,90.64566532258064,True
prompt_044_seed02.wav,musicgen-medium,161.4990234375,0.0634450912475586,2585.2014492628596,9.94,174,12.5009765625,True
prompt_045_seed00.wav,musicgen-medium,143.5546875,0.12133995443582535,1851.4574912023836,9.94,70,73.5546875,True
prompt_045_seed01.wav,musicgen-medium,143.5546875,0.11434812098741531,2115.853190695364,9.94,70,73.5546875,True
prompt_045_seed02.wav,musicgen-medium,135.99917763157896,0.21224968135356903,965.4094076468392,9.94,70,65.99917763157896,True
prompt_046_seed00.wav,musicgen-medium,89.10290948275862,0.09583515673875809,2155.222241927283,9.94,91,1.8970905172413808,True
prompt_046_seed01.wav,musicgen-medium,92.28515625,0.13333475589752197,1243.2734480849133,9.94,91,1.28515625,True
prompt_046_seed02.wav,musicgen-medium,184.5703125,0.07763668149709702,3441.0001807813533,9.94,91,93.5703125,True
prompt_047_seed00.wav,musicgen-medium,135.99917763157896,0.16691429913043976,1809.4101157097432,9.94,67,68.99917763157896,True
prompt_047_seed01.wav,musicgen-medium,135.99917763157896,0.17799484729766846,2923.4401535234047,9.94,67,68.99917763157896,True
prompt_047_seed02.wav,musicgen-medium,135.99917763157896,0.15082529187202454,2455.2482645053587,9.94,67,68.99917763157896,True
prompt_048_seed00.wav,musicgen-medium,161.4990234375,0.12499603629112244,2623.2113933492365,9.94,79,82.4990234375,True
prompt_048_seed01.wav,musicgen-medium,78.30255681818181,0.22226573526859283,2132.8146325824923,9.94,79,0.697443181818187,True
prompt_048_seed02.wav,musicgen-medium,161.4990234375,0.08741827309131622,2289.3076427076776,9.94,79,82.4990234375,True
prompt_049_seed00.wav,musicgen-medium,151.99908088235293,0.16821032762527466,2497.271048997454,9.94,159,7.000919117647072,True
prompt_049_seed01.wav,musicgen-medium,80.74951171875,0.14190629124641418,1944.1901474284448,9.94,159,78.25048828125,True
prompt_049_seed02.wav,musicgen-medium,89.10290948275862,0.1335902363061905,2714.4591849198123,9.94,159,69.89709051724138,True
prompt_050_seed00.wav,musicgen-medium,99.38401442307692,0.06335867941379547,2066.680067030225,9.94,98,1.3840144230769198,True
prompt_050_seed01.wav,musicgen-medium,129.19921875,0.07124946266412735,2393.647777461987,9.94,98,31.19921875,True
prompt_050_seed02.wav,musicgen-medium,99.38401442307692,0.08737201243638992,2587.150172625232,9.94,98,1.3840144230769198,True
prompt_051_seed00.wav,musicgen-medium,89.10290948275862,0.18112100660800934,2161.161942591992,9.94,180,90.89709051724138,True
prompt_051_seed01.wav,musicgen-medium,89.10290948275862,0.09135409444570541,2647.552308587815,9.94,180,90.89709051724138,True
prompt_051_seed02.wav,musicgen-medium,89.10290948275862,0.12339501827955246,2040.4373811201165,9.94,180,90.89709051724138,True
prompt_052_seed00.wav,musicgen-medium,117.45383522727273,0.12273434549570084,1358.427811073476,9.94,62,55.453835227272734,True
prompt_052_seed01.wav,musicgen-medium,123.046875,0.12670166790485382,1366.1032349209372,9.94,62,61.046875,True
prompt_052_seed02.wav,musicgen-medium,63.02400914634146,0.14351169764995575,1251.8273801916678,9.94,62,1.024009146341463,True
prompt_053_seed00.wav,musicgen-medium,117.45383522727273,0.12949462234973907,1348.5710463367936,9.94,119,1.5461647727272663,True
prompt_053_seed01.wav,musicgen-medium,117.45383522727273,0.24339783191680908,2547.840051660057,9.94,119,1.5461647727272663,True
prompt_053_seed02.wav,musicgen-medium,117.45383522727273,0.29887551069259644,1329.5514945452708,9.94,119,1.5461647727272663,True
prompt_054_seed00.wav,musicgen-medium,135.99917763157896,0.07759217172861099,3298.0297972438734,9.94,135,0.9991776315789593,True
prompt_054_seed01.wav,musicgen-medium,135.99917763157896,0.14726196229457855,2593.0738899115036,9.94,135,0.9991776315789593,True
prompt_054_seed02.wav,musicgen-medium,135.99917763157896,0.14495866000652313,2765.672831273093,9.94,135,0.9991776315789593,True
prompt_055_seed00.wav,musicgen-medium,103.359375,0.15556058287620544,3656.465994112995,9.94,77,26.359375,True
prompt_055_seed01.wav,musicgen-medium,75.99954044117646,0.1830459088087082,734.8970417252949,9.94,77,1.000459558823536,True
prompt_055_seed02.wav,musicgen-medium,151.99908088235293,0.14798715710639954,2120.676964103235,9.94,77,74.99908088235293,True
prompt_056_seed00.wav,musicgen-medium,123.046875,0.11768175661563873,1799.4392368496979,9.94,63,60.046875,True
prompt_056_seed01.wav,musicgen-medium,129.19921875,0.10610297322273254,2837.062711893011,9.94,63,66.19921875,True
prompt_056_seed02.wav,musicgen-medium,123.046875,0.1810416579246521,632.3182898710171,9.94,63,60.046875,True
prompt_057_seed00.wav,musicgen-medium,112.34714673913044,0.07868760824203491,2512.872461113253,9.94,112,0.34714673913043725,True
prompt_057_seed01.wav,musicgen-medium,112.34714673913044,0.2708489000797272,1594.8456099740401,9.94,112,0.34714673913043725,True
prompt_057_seed02.wav,musicgen-medium,112.34714673913044,0.30800801515579224,1634.0409009777707,9.94,112,0.34714673913043725,True
prompt_058_seed00.wav,musicgen-medium,83.35433467741936,0.1310446709394455,2401.658599581019,9.94,178,94.64566532258064,True
prompt_058_seed01.wav,musicgen-medium,172.265625,0.15882304310798645,1780.561639645739,9.94,178,5.734375,True
prompt_058_seed02.wav,musicgen-medium,172.265625,0.16124090552330017,1554.3872566673745,9.94,178,5.734375,True
prompt_059_seed00.wav,musicgen-medium,129.19921875,0.13687941431999207,2991.9123826816285,9.94,131,1.80078125,True
prompt_059_seed01.wav,musicgen-medium,135.99917763157896,0.0983753353357315,3843.94140984777,9.94,131,4.999177631578959,True
prompt_059_seed02.wav,musicgen-medium,135.99917763157896,0.08747707307338715,2252.041686623553,9.94,131,4.999177631578959,True
prompt_060_seed00.wav,musicgen-medium,57.421875,0.10656362771987915,1037.7104651034183,9.94,113,55.578125,True
prompt_060_seed01.wav,musicgen-medium,112.34714673913044,0.11095596849918365,1665.8907142985133,9.94,113,0.6528532608695627,True
prompt_060_seed02.wav,musicgen-medium,112.34714673913044,0.24990065395832062,1364.3451168478596,9.94,113,0.6528532608695627,True
prompt_061_seed00.wav,musicgen-medium,123.046875,0.07729768007993698,3342.820337947839,9.94,62,61.046875,True
prompt_061_seed01.wav,musicgen-medium,123.046875,0.07126867771148682,2522.0905115743753,9.94,62,61.046875,True
prompt_061_seed02.wav,musicgen-medium,123.046875,0.0685863345861435,4560.174622408286,9.94,62,61.046875,True
prompt_062_seed00.wav,musicgen-medium,103.359375,0.13565687835216522,2315.885848652509,9.94,103,0.359375,True
prompt_062_seed01.wav,musicgen-medium,103.359375,0.16005374491214752,2866.228859013629,9.94,103,0.359375,True
prompt_062_seed02.wav,musicgen-medium,103.359375,0.20750530064105988,2516.6847413576397,9.94,103,0.359375,True
prompt_063_seed00.wav,musicgen-medium,143.5546875,0.24715681374073029,1262.0414572958737,9.94,71,72.5546875,True
prompt_063_seed01.wav,musicgen-medium,143.5546875,0.09545662999153137,1947.4770801171758,9.94,71,72.5546875,True
prompt_063_seed02.wav,musicgen-medium,143.5546875,0.14991529285907745,3013.361083402192,9.94,71,72.5546875,True
prompt_064_seed00.wav,musicgen-medium,151.99908088235293,0.14265026152133942,1907.9217191218368,9.94,154,2.000919117647072,True
prompt_064_seed01.wav,musicgen-medium,151.99908088235293,0.18014952540397644,1944.3439546104157,9.94,154,2.000919117647072,True
prompt_064_seed02.wav,musicgen-medium,151.99908088235293,0.13494808971881866,1863.0085776658655,9.94,154,2.000919117647072,True
prompt_065_seed00.wav,musicgen-medium,117.45383522727273,0.2253783941268921,1597.6243184309217,9.94,117,0.45383522727273373,True
prompt_065_seed01.wav,musicgen-medium,117.45383522727273,0.16940158605575562,2489.184712618685,9.94,117,0.45383522727273373,True
prompt_065_seed02.wav,musicgen-medium,117.45383522727273,0.23839640617370605,2155.086717436816,9.94,117,0.45383522727273373,True
prompt_066_seed00.wav,musicgen-medium,75.99954044117646,0.11190219968557358,814.4063238127138,9.94,113,37.000459558823536,True
prompt_066_seed01.wav,musicgen-medium,112.34714673913044,0.12291758507490158,1563.622502379877,9.94,113,0.6528532608695627,True
prompt_066_seed02.wav,musicgen-medium,112.34714673913044,0.1293065845966339,925.7613652768472,9.94,113,0.6528532608695627,True
prompt_067_seed00.wav,musicgen-medium,135.99917763157896,0.15822577476501465,1595.030797349802,9.94,135,0.9991776315789593,True
prompt_067_seed01.wav,musicgen-medium,135.99917763157896,0.13630689680576324,1703.8212794769634,9.94,135,0.9991776315789593,True
prompt_067_seed02.wav,musicgen-medium,135.99917763157896,0.18925152719020844,1709.4209469782513,9.94,135,0.9991776315789593,True
prompt_068_seed00.wav,musicgen-medium,95.703125,0.1617712825536728,1831.2468281077988,9.94,96,0.296875,True
prompt_068_seed01.wav,musicgen-medium,95.703125,0.1548224538564682,1966.589436039671,9.94,96,0.296875,True
prompt_068_seed02.wav,musicgen-medium,95.703125,0.10740601271390915,1960.150637762132,9.94,96,0.296875,True
prompt_069_seed00.wav,musicgen-medium,89.10290948275862,0.10943932831287384,3053.8592780500494,9.94,90,0.8970905172413808,True
prompt_069_seed01.wav,musicgen-medium,89.10290948275862,0.2514704465866089,1701.2782426876151,9.94,90,0.8970905172413808,True
prompt_069_seed02.wav,musicgen-medium,89.10290948275862,0.21127529442310333,1592.3988462328437,9.94,90,0.8970905172413808,True
prompt_070_seed00.wav,musicgen-medium,66.25600961538461,0.1303863525390625,1767.6610994066618,9.94,68,1.7439903846153868,True
prompt_070_seed01.wav,musicgen-medium,67.99958881578948,0.1503012478351593,1649.114073456564,9.94,68,0.00041118421052033227,True
prompt_070_seed02.wav,musicgen-medium,135.99917763157896,0.1972702294588089,1601.0791284263692,9.94,68,67.99917763157896,True
prompt_071_seed00.wav,musicgen-medium,161.4990234375,0.1063685417175293,2144.36975004225,9.94,160,1.4990234375,True
prompt_071_seed01.wav,musicgen-medium,80.74951171875,0.11618544161319733,2282.063378651097,9.94,160,79.25048828125,True
prompt_071_seed02.wav,musicgen-medium,80.74951171875,0.12692709267139435,2827.147832395424,9.94,160,79.25048828125,True
prompt_072_seed00.wav,musicgen-medium,129.19921875,0.2509991228580475,1723.2027327127864,9.94,131,1.80078125,True
prompt_072_seed01.wav,musicgen-medium,129.19921875,0.03972003608942032,4093.5674713895964,9.94,131,1.80078125,True
prompt_072_seed02.wav,musicgen-medium,129.19921875,0.22591301798820496,1172.046142823938,9.94,131,1.80078125,True
prompt_073_seed00.wav,musicgen-medium,95.703125,0.16235220432281494,1650.6506147763166,9.94,189,93.296875,True
prompt_073_seed01.wav,musicgen-medium,95.703125,0.13565199077129364,2436.509210957404,9.94,189,93.296875,True
prompt_073_seed02.wav,musicgen-medium,95.703125,0.20173239707946777,2380.531478358464,9.94,189,93.296875,True
prompt_074_seed00.wav,musicgen-medium,99.38401442307692,0.22295543551445007,2652.3326531959215,9.94,98,1.3840144230769198,True
prompt_074_seed01.wav,musicgen-medium,95.703125,0.24704031646251678,1753.2558085975797,9.94,98,2.296875,True
prompt_074_seed02.wav,musicgen-medium,99.38401442307692,0.17285074293613434,2632.6999489167056,9.94,98,1.3840144230769198,True
prompt_075_seed00.wav,musicgen-medium,129.19921875,0.1928112655878067,2530.849545777299,9.94,101,28.19921875,True
prompt_075_seed01.wav,musicgen-medium,103.359375,0.1961517035961151,2429.3874598642906,9.94,101,2.359375,True
prompt_075_seed02.wav,musicgen-medium,103.359375,0.2522772252559662,2916.6364928240423,9.94,101,2.359375,True
prompt_076_seed00.wav,musicgen-medium,99.38401442307692,0.16625197231769562,2073.668700772389,9.94,151,51.61598557692308,True
prompt_076_seed01.wav,musicgen-medium,151.99908088235293,0.11260173469781876,2111.774047468039,9.94,151,0.9990808823529278,True
prompt_076_seed02.wav,musicgen-medium,151.99908088235293,0.2016545683145523,1665.9189249584895,9.94,151,0.9990808823529278,True
prompt_077_seed00.wav,musicgen-medium,89.10290948275862,0.1377282738685608,2294.45354871487,9.94,180,90.89709051724138,True
prompt_077_seed01.wav,musicgen-medium,172.265625,0.16998977959156036,2284.488771911191,9.94,180,7.734375,True
prompt_077_seed02.wav,musicgen-medium,117.45383522727273,0.17028392851352692,1566.8949243999834,9.94,180,62.546164772727266,True
prompt_078_seed00.wav,musicgen-medium,103.359375,0.27095991373062134,829.8256571195802,9.94,103,0.359375,True
prompt_078_seed01.wav,musicgen-medium,103.359375,0.17214444279670715,1683.0732910815184,9.94,103,0.359375,True
prompt_078_seed02.wav,musicgen-medium,103.359375,0.17415830492973328,1306.7188265170084,9.94,103,0.359375,True
prompt_079_seed00.wav,musicgen-medium,143.5546875,0.08064248412847519,1755.6494131340164,9.94,142,1.5546875,True
prompt_079_seed01.wav,musicgen-medium,143.5546875,0.16197459399700165,1569.4401157421494,9.94,142,1.5546875,True
prompt_079_seed02.wav,musicgen-medium,95.703125,0.08933256566524506,1751.0522666857225,9.94,142,46.296875,True
prompt_080_seed00.wav,musicgen-medium,103.359375,0.18462857604026794,2273.145795532315,9.94,103,0.359375,True
prompt_080_seed01.wav,musicgen-medium,103.359375,0.11954028904438019,2947.6807874121264,9.94,103,0.359375,True
prompt_080_seed02.wav,musicgen-medium,103.359375,0.2311496138572693,1830.8856388227925,9.94,103,0.359375,True
prompt_081_seed00.wav,musicgen-medium,107.666015625,0.11137204617261887,1769.9774408219268,9.94,106,1.666015625,True
prompt_081_seed01.wav,musicgen-medium,103.359375,0.1600688248872757,1210.3743259184894,9.94,106,2.640625,True
prompt_081_seed02.wav,musicgen-medium,103.359375,0.13877826929092407,1864.8557089440328,9.94,106,2.640625,True
prompt_082_seed00.wav,musicgen-medium,143.5546875,0.1554923951625824,1825.809893636087,9.94,146,2.4453125,True
prompt_082_seed01.wav,musicgen-medium,73.828125,0.10257598757743835,2182.9937037697946,9.94,146,72.171875,True
prompt_082_seed02.wav,musicgen-medium,143.5546875,0.08945487439632416,1551.577003644294,9.94,146,2.4453125,True
prompt_083_seed00.wav,musicgen-medium,117.45383522727273,0.06989960372447968,2130.6711085196785,9.94,115,2.4538352272727337,True
prompt_083_seed01.wav,musicgen-medium,117.45383522727273,0.23472534120082855,835.239146145794,9.94,115,2.4538352272727337,True
prompt_083_seed02.wav,musicgen-medium,112.34714673913044,0.08942446112632751,2108.1899657758586,9.94,115,2.6528532608695627,True
prompt_084_seed00.wav,musicgen-medium,103.359375,0.1848776787519455,1413.864607766226,9.94,105,1.640625,True
prompt_084_seed01.wav,musicgen-medium,103.359375,0.16979940235614777,1285.959665144378,9.94,105,1.640625,True
prompt_084_seed02.wav,musicgen-medium,103.359375,0.15797360241413116,1665.123740583351,9.94,105,1.640625,True
prompt_085_seed00.wav,musicgen-medium,112.34714673913044,0.19752474129199982,985.8320980595643,9.94,112,0.34714673913043725,True
prompt_085_seed01.wav,musicgen-medium,112.34714673913044,0.2024613320827484,1464.8511796920802,9.94,112,0.34714673913043725,True
prompt_085_seed02.wav,musicgen-medium,117.45383522727273,0.21666842699050903,1058.029515413527,9.94,112,5.453835227272734,True
prompt_086_seed00.wav,musicgen-medium,107.666015625,0.15671943128108978,1683.642679935342,9.94,110,2.333984375,True
prompt_086_seed01.wav,musicgen-medium,123.046875,0.1602415144443512,1297.951960458302,9.94,110,13.046875,True
prompt_086_seed02.wav,musicgen-medium,112.34714673913044,0.17295022308826447,1244.6317221521838,9.94,110,2.3471467391304373,True
prompt_087_seed00.wav,musicgen-medium,112.34714673913044,0.101700559258461,1244.6406942713525,9.94,115,2.6528532608695627,True
prompt_087_seed01.wav,musicgen-medium,117.45383522727273,0.13430675864219666,2244.5159304722465,9.94,115,2.4538352272727337,True
prompt_087_seed02.wav,musicgen-medium,75.99954044117646,0.1552736759185791,1407.2331176540285,9.94,115,39.000459558823536,True
prompt_088_seed00.wav,musicgen-medium,117.45383522727273,0.14954446256160736,2012.6943018659056,9.94,119,1.5461647727272663,True
prompt_088_seed01.wav,musicgen-medium,117.45383522727273,0.18127205967903137,2518.4315067485713,9.94,119,1.5461647727272663,True
prompt_088_seed02.wav,musicgen-medium,117.45383522727273,0.14668630063533783,2130.7475896420224,9.94,119,1.5461647727272663,True
prompt_089_seed00.wav,musicgen-medium,161.4990234375,0.14754915237426758,2633.562910767045,9.94,160,1.4990234375,True
prompt_089_seed01.wav,musicgen-medium,161.4990234375,0.1024530753493309,2350.772039678549,9.94,160,1.4990234375,True
prompt_089_seed02.wav,musicgen-medium,161.4990234375,0.1705150455236435,2785.66380925937,9.94,160,1.4990234375,True
prompt_090_seed00.wav,musicgen-medium,112.34714673913044,0.2119559943675995,2355.7960939780023,9.94,113,0.6528532608695627,True
prompt_090_seed01.wav,musicgen-medium,112.34714673913044,0.11018358170986176,4166.935824888358,9.94,113,0.6528532608695627,True
prompt_090_seed02.wav,musicgen-medium,112.34714673913044,0.1826055347919464,2106.7598884281633,9.94,113,0.6528532608695627,True
prompt_091_seed00.wav,musicgen-medium,151.99908088235293,0.18430322408676147,2933.1822277067504,9.94,154,2.000919117647072,True
prompt_091_seed01.wav,musicgen-medium,151.99908088235293,0.22189807891845703,1929.7780402191572,9.94,154,2.000919117647072,True
prompt_091_seed02.wav,musicgen-medium,151.99908088235293,0.19758857786655426,2322.3536369423528,9.94,154,2.000919117647072,True
prompt_092_seed00.wav,musicgen-medium,143.5546875,0.2078821212053299,2082.8341259913773,9.94,144,0.4453125,True
prompt_092_seed01.wav,musicgen-medium,143.5546875,0.1769871562719345,2858.712476315672,9.94,144,0.4453125,True
prompt_092_seed02.wav,musicgen-medium,143.5546875,0.13369402289390564,2630.0859071331547,9.94,144,0.4453125,True
prompt_093_seed00.wav,musicgen-medium,135.99917763157896,0.19172683358192444,1643.6473791558317,9.94,140,4.000822368421041,True
prompt_093_seed01.wav,musicgen-medium,143.5546875,0.10365782678127289,1554.3900569925866,9.94,140,3.5546875,True
prompt_093_seed02.wav,musicgen-medium,135.99917763157896,0.07106724381446838,1778.9570166717933,9.94,140,4.000822368421041,True
prompt_094_seed00.wav,musicgen-medium,103.359375,0.1043037474155426,2715.5337939184014,9.94,102,1.359375,True
prompt_094_seed01.wav,musicgen-medium,103.359375,0.10256823897361755,1380.8763538455823,9.94,102,1.359375,True
prompt_094_seed02.wav,musicgen-medium,99.38401442307692,0.09905469417572021,957.7524483565181,9.94,102,2.61598557692308,True
prompt_095_seed00.wav,musicgen-medium,89.10290948275862,0.13488538563251495,3728.3953434592513,9.94,180,90.89709051724138,True
prompt_095_seed01.wav,musicgen-medium,89.10290948275862,0.16193142533302307,2402.848300066565,9.94,180,90.89709051724138,True
prompt_095_seed02.wav,musicgen-medium,89.10290948275862,0.15273475646972656,2504.77094893818,9.94,180,90.89709051724138,True
prompt_096_seed00.wav,musicgen-medium,112.34714673913044,0.13211093842983246,2126.5185599959073,9.94,116,3.6528532608695627,True
prompt_096_seed01.wav,musicgen-medium,117.45383522727273,0.15214017033576965,3277.150865504079,9.94,116,1.4538352272727337,True
prompt_096_seed02.wav,musicgen-medium,117.45383522727273,0.11819250136613846,2352.988907909134,9.94,116,1.4538352272727337,True
prompt_097_seed00.wav,musicgen-medium,89.10290948275862,0.08216696232557297,3647.7872655027836,9.94,185,95.89709051724138,True
prompt_097_seed01.wav,musicgen-medium,184.5703125,0.08147495985031128,3526.545449118638,9.94,185,0.4296875,True
prompt_097_seed02.wav,musicgen-medium,123.046875,0.06617815047502518,3831.9190682039502,9.94,185,61.953125,True
prompt_098_seed00.wav,musicgen-medium,92.28515625,0.1456710696220398,2112.220968946682,9.94,187,94.71484375,True
prompt_098_seed01.wav,musicgen-medium,92.28515625,0.07723904401063919,2123.734292559362,9.94,187,94.71484375,True
prompt_098_seed02.wav,musicgen-medium,184.5703125,0.09573744982481003,2205.500868308215,9.94,187,2.4296875,True
prompt_099_seed00.wav,musicgen-medium,143.5546875,0.17554819583892822,2666.224203412533,9.94,143,0.5546875,True
prompt_099_seed01.wav,musicgen-medium,143.5546875,0.3058907091617584,2063.098225892564,9.94,143,0.5546875,True
prompt_099_seed02.wav,musicgen-medium,143.5546875,0.22594930231571198,3639.6707320886985,9.94,143,0.5546875,True
